name,level1,level2,level3,label
Kylie,d1,j2,d3,Sensor
Gabriel,c1,i2,b3,Sensor
Maya,i1,f2,f3,Sensor
Isla,h1,j2,f3,Sensor
Vince,d1,e2,f3,Sensor
Paige,h1,d2,b3,Sensor
Mia,f1,e2,g3,Sensor
Caleb,a1,g2,b3,Sensor
Lily,c1,b2,f3,Sensor
Nora,f1,b2,g3,Sensor
James,h1,a2,g3,Sensor
Olga,e1,h2,j3,Sensor
Mia,j1,b2,d3,Sensor
Tara,g1,f2,c3,Sensor
Mia,b1,e2,g3,Sensor
Asher,h1,b2,h2,Sensor
Wyatt,i1,j2,j3,Sensor
Jack,j1,d2,e3,Sensor
Cameron,d1,g2,i3,Sensor
Sean,a1,h2,b3,Sensor
Vince,a1,b2,h2,Sensor
Ursula,d1,j2,e3,Sensor
Lily,g1,d2,i3,Sensor
Eli,d1,e2,i3,Sensor
Hank,f1,f2,h2,Sensor
Tara,b1,g2,f3,Sensor
Mia,g1,j2,j3,Sensor
Hank,i1,f2,j3,Sensor
Rose,b1,d2,b3,Sensor
Quinn,j1,i2,b3,Sensor
Isla,a1,j2,i3,Sensor
Hannah,e1,h2,j3,Sensor
Steve,a1,d2,d3,Sensor
Jade,e1,i2,b3,Sensor
Cameron,g1,f2,d3,Sensor
Tara,e1,f2,f3,Sensor
Yara,a1,j2,h2,Sensor
Grace,f1,d2,f3,Sensor
Wendy,j1,g2,c3,Sensor
Umar,g1,d2,j3,Sensor
Vera,f1,a2,f3,Sensor
Yvonne,g1,i2,f3,Sensor
Rose,i1,d2,d3,Sensor
Tara,e1,c2,j3,Sensor
Kylie,e1,a2,g3,Sensor
Yvonne,f1,e2,d3,Sensor
Faith,b1,g2,j3,Sensor
Nora,f1,f2,h2,Sensor
Vince,d1,g2,f3,Sensor
Zoey,j1,b2,c3,Sensor
Zane,g1,e2,a3,Sensor
Ulysses,d1,a2,d3,Sensor
Ulysses,j1,j2,f3,Sensor
Holly,a1,a2,d3,Sensor
Laura,b1,i2,a3,Sensor
Ximena,g1,f2,g3,Sensor
Maya,c1,e2,c3,Sensor
Caleb,h1,j2,e3,Sensor
Uma,i1,f2,g3,Sensor
Bob,i1,d2,b3,Sensor
Faith,h1,g2,i3,Sensor
Ryan,e1,j2,d3,Sensor
Ethan,j1,h2,j3,Sensor
Connor,i1,d2,f3,Sensor
Eve,e1,d2,g3,Sensor
Vanessa,d1,f2,b3,Sensor
Tina,h1,e2,g3,Sensor
Ursula,e1,h2,e3,Sensor
Eve,h1,h2,b3,Sensor
Yvonne,j1,h2,i3,Sensor
Wyatt,i1,g2,f3,Sensor
Piper,j1,g2,i3,Sensor
Sean,d1,i2,i3,Sensor
Tina,i1,f2,j3,Sensor
Daisy,j1,a2,c3,Sensor
Grace,d1,f2,a3,Sensor
Karen,g1,d2,i3,Sensor
Mia,g1,b2,c3,Sensor
Sean,j1,a2,f3,Sensor
Tina,a1,a2,g3,Sensor
Freya,j1,j2,g3,Sensor
Jill,g1,g2,e3,Sensor
Peter,e1,c2,e3,Sensor
Vanessa,j1,a2,f3,Sensor
Fiona,g1,a2,d3,Sensor
Vince,a1,b2,g3,Sensor
Aaron,e1,i2,f3,Sensor
Jill,b1,i2,f3,Sensor
Vera,e1,f2,d3,Sensor
Rose,c1,j2,g3,Sensor
Diana,d1,i2,c3,Sensor
Umar,d1,g2,c3,Sensor
Yvonne,h1,f2,h2,Sensor
Sean,d1,c2,i3,Sensor
Riley,g1,c2,b3,Sensor
Mason,g1,e2,e3,Sensor
David,h1,i2,a3,Sensor
Tina,g1,j2,g3,Sensor
Peter,c1,i2,e3,Sensor
Aaron,i1,b2,c3,Sensor
Riley,f1,b2,a3,Sensor
Yvonne,a1,h2,d3,Sensor
Elijah,j1,d2,g3,Sensor
Xander,a1,g2,d3,Sensor
Willow,e1,d2,a3,Sensor
Zach,g1,g2,f3,Sensor
Victor,j1,j2,a3,Sensor
Eve,f1,a2,e3,Sensor
Daisy,i1,e2,d3,Sensor
Ulysses,a1,c2,h2,Sensor
Hazel,b1,g2,d3,Sensor
Yosef,g1,c2,c3,Sensor
Mia,b1,d2,d3,Sensor
Gabriel,f1,d2,h2,Sensor
Eli,d1,h2,d3,Sensor
Quinn,d1,c2,h2,Sensor
Mason,h1,a2,h2,Sensor
Ian,a1,d2,i3,Sensor
Peter,g1,j2,h2,Sensor
Lucas,i1,b2,i3,Sensor
Sophie,d1,b2,h2,Sensor
Gabriel,a1,d2,e3,Sensor
Mason,h1,c2,e3,Sensor
Eve,i1,d2,e3,Sensor
Xenia,f1,e2,a3,Sensor
Liam,h1,j2,h2,Sensor
Faith,h1,d2,c3,Sensor
Ethan,h1,c2,e3,Sensor
Isla,j1,j2,i3,Sensor
Freya,g1,a2,j3,Sensor
Eve,h1,a2,f3,Sensor
Uma,h1,a2,e3,Sensor
Willow,j1,a2,j3,Sensor
Olga,e1,c2,a3,Sensor
Laura,f1,a2,a3,Sensor
Zoey,g1,j2,j3,Sensor
Isla,f1,b2,a3,Sensor
Sam,a1,f2,j3,Sensor
George,f1,h2,e3,Sensor
Sean,j1,c2,d3,Sensor
Eli,g1,h2,i3,Sensor
Xenia,b1,i2,a3,Sensor
Peter,f1,h2,d3,Sensor
Vince,i1,j2,d3,Sensor
Quincy,i1,b2,f3,Sensor
Tina,g1,j2,g3,Sensor
Holly,d1,g2,g3,Sensor
Lily,g1,e2,d3,Sensor
Laura,b1,b2,e3,Sensor
Ian,g1,b2,j3,Sensor
Ivy,a1,c2,e3,Sensor
Walter,i1,j2,j3,Sensor
Peter,d1,j2,d3,Sensor
Connor,c1,d2,f3,Sensor
Riley,j1,i2,e3,Sensor
Jack,f1,c2,c3,Sensor
Peter,h1,b2,e3,Sensor
Walter,j1,g2,g3,Sensor
Victor,f1,b2,b3,Sensor
Piper,c1,h2,h2,Sensor
George,j1,h2,j3,Sensor
Owen,e1,f2,d3,Sensor
Thomas,i1,a2,d3,Sensor
Isla,a1,a2,e3,Sensor
Peter,j1,b2,b3,Sensor
Karen,i1,j2,a3,Sensor
Quinn,g1,f2,e3,Sensor
Delilah,e1,c2,e3,Sensor
Nora,g1,j2,d3,Sensor
Jack,j1,d2,f3,Sensor
Riley,d1,i2,f3,Sensor
Connor,e1,c2,b3,Sensor
Mia,i1,c2,a3,Sensor
Liam,e1,a2,i3,Sensor
James,i1,g2,b3,Sensor
Ian,h1,e2,e3,Sensor
Zach,e1,j2,b3,Sensor
Bella,h1,a2,b3,Sensor
Isaac,b1,d2,j3,Sensor
Cameron,d1,g2,g3,Sensor
Owen,j1,c2,e3,Sensor
Xander,a1,b2,b3,Sensor
Nathan,h1,h2,f3,Sensor
Ian,e1,f2,j3,Sensor
Caleb,h1,g2,c3,Sensor
Victor,d1,b2,c3,Sensor
David,j1,h2,i3,Sensor
Uma,e1,f2,g3,Sensor
Liam,e1,i2,d3,Sensor
Mia,j1,e2,b3,Sensor
Gabriel,b1,f2,h2,Sensor
Mason,g1,e2,f3,Sensor
Connor,f1,h2,b3,Sensor
Ethan,d1,g2,h2,Sensor
Wyatt,c1,i2,g3,Sensor
Jill,b1,c2,j3,Sensor
Nina,j1,h2,i3,Sensor
Adam,g1,c2,c3,Sensor
Jill,f1,a2,j3,Sensor
Max,f1,f2,c3,Sensor
Kylie,i1,a2,f3,Sensor
Ruby,d1,j2,i3,Sensor
Karen,b1,f2,d3,Sensor
Gabriel,j1,g2,b3,Sensor
Yara,j1,b2,f3,Sensor
Mia,g1,d2,a3,Sensor
Ximena,a1,c2,j3,Sensor
Steve,g1,a2,j3,Sensor
Jade,i1,a2,i3,Sensor
Fiona,d1,i2,a3,Sensor
Sam,e1,c2,h2,Sensor
Eli,f1,i2,g3,Sensor
Yvonne,f1,e2,g3,Sensor
Wendy,e1,d2,j3,Sensor
Xenia,j1,c2,j3,Sensor
Aaron,g1,c2,c3,Sensor
Ian,b1,g2,g3,Sensor
Mia,j1,g2,a3,Sensor
Nina,a1,h2,h2,Sensor
Aaron,b1,g2,f3,Sensor
Cameron,i1,a2,b3,Sensor
Xander,b1,g2,e3,Sensor
Paige,d1,b2,a3,Sensor
Ulysses,j1,a2,c3,Sensor
Gabriel,j1,e2,d3,Sensor
Ian,d1,a2,c3,Sensor
James,g1,f2,i3,Sensor
Brooke,j1,i2,d3,Sensor
Laura,d1,h2,c3,Sensor
Nina,d1,b2,i3,Sensor
Kyle,b1,h2,b3,Sensor
Riley,i1,j2,a3,Sensor
Caleb,j1,h2,a3,Sensor
Maya,c1,h2,b3,Sensor
Quinn,g1,g2,c3,Sensor
Caleb,f1,h2,b3,Sensor
Zach,a1,a2,c3,Sensor
Aaron,d1,g2,d3,Sensor
Xenia,a1,h2,f3,Sensor
George,i1,b2,h2,Sensor
George,a1,c2,d3,Sensor
Fiona,f1,g2,h2,Sensor
Sophie,c1,f2,c3,Sensor
Eve,d1,i2,f3,Sensor
Aaron,h1,g2,f3,Sensor
Piper,a1,e2,b3,Sensor
Eve,c1,c2,e3,Sensor
Yvonne,c1,h2,c3,Sensor
Bob,j1,e2,c3,Sensor
Isla,a1,d2,a3,Sensor
Vanessa,g1,b2,h2,Sensor
Ryan,e1,c2,e3,Sensor
Xander,c1,d2,j3,Sensor
Vanessa,f1,a2,e3,Sensor
Ivy,j1,a2,e3,Sensor
Connor,c1,e2,b3,Sensor
Noah,j1,a2,g3,Sensor
Cameron,c1,j2,e3,Sensor
Gavin,b1,c2,f3,Sensor
Yara,h1,b2,g3,Sensor
Ethan,i1,g2,b3,Sensor
Vanessa,d1,i2,b3,Sensor
Lily,f1,b2,e3,Sensor
Elijah,f1,h2,f3,Sensor
Vince,j1,a2,d3,Sensor
Holly,i1,i2,e3,Sensor
Charlie,b1,h2,d3,Sensor
Elijah,a1,f2,g3,Sensor
Ivy,a1,j2,d3,Sensor
Gavin,j1,d2,f3,Sensor
Xander,i1,d2,g3,Sensor
Wyatt,c1,e2,e3,Sensor
Holly,h1,b2,a3,Sensor
Owen,b1,j2,h2,Sensor
Noah,d1,e2,h2,Sensor
Brooke,f1,g2,d3,Sensor
Vince,h1,h2,e3,Sensor
Victor,j1,g2,d3,Sensor
Vanessa,e1,b2,a3,Sensor
Kevin,j1,j2,f3,Sensor
Paige,h1,f2,d3,Sensor
Gavin,c1,d2,f3,Sensor
Vince,e1,a2,b3,Sensor
Eve,j1,j2,f3,Sensor
Nathan,b1,b2,f3,Sensor
Bob,g1,e2,e3,Sensor
Vince,j1,i2,a3,Sensor
Vince,d1,b2,h2,Sensor
Paige,d1,a2,j3,Sensor
Owen,b1,d2,j3,Sensor
Xander,i1,i2,a3,Sensor
Zoey,h1,c2,d3,Sensor
Freya,i1,c2,h2,Sensor
Olivia,c1,f2,j3,Sensor
Victor,h1,j2,c3,Sensor
Frank,i1,a2,d3,Sensor
Wendy,c1,j2,i3,Sensor
Wendy,j1,a2,h2,Sensor
Zane,b1,c2,h2,Sensor
Ian,h1,i2,c3,Sensor
Nora,j1,g2,f3,Sensor
Jill,c1,g2,b3,Sensor
Quinn,b1,a2,g3,Sensor
Isaac,b1,e2,a3,Sensor
Maya,g1,j2,j3,Sensor
Brianna,h1,d2,c3,Sensor
Gabriel,d1,g2,h2,Sensor
Peter,i1,b2,f3,Sensor
Alice,c1,b2,b3,Sensor
Willow,e1,b2,e3,Sensor
Laura,b1,g2,d3,Sensor
Lily,e1,e2,a3,Sensor
Isla,j1,e2,h2,Sensor
Holly,c1,b2,g3,Sensor
Holly,c1,j2,h2,Sensor
Asher,j1,i2,a3,Sensor
Noah,c1,a2,d3,Sensor
Ruby,c1,c2,f3,Sensor
Maya,c1,b2,a3,Sensor
Ian,f1,d2,i3,Sensor
Karen,d1,g2,e3,Sensor
Kylie,i1,d2,i3,Sensor
Laura,h1,g2,b3,Sensor
Jack,f1,b2,i3,Sensor
Quinn,e1,a2,j3,Sensor
Brooke,i1,g2,h2,Sensor
Uma,j1,i2,f3,Sensor
Ivy,g1,e2,f3,Sensor
Aaron,i1,j2,b3,Sensor
Isla,j1,f2,h2,Sensor
Hazel,c1,b2,g3,Sensor
Sophie,b1,d2,b3,Sensor
Gabriel,d1,f2,c3,Sensor
Isla,h1,b2,e3,Sensor
Yosef,a1,e2,c3,Sensor
Frank,g1,f2,g3,Sensor
Ulysses,f1,h2,j3,Sensor
Tara,e1,d2,b3,Sensor
Cameron,b1,d2,c3,Sensor
David,e1,a2,i3,Sensor
Kylie,d1,j2,e3,Sensor
Grace,b1,d2,e3,Sensor
Isaac,h1,f2,h2,Sensor
Kevin,j1,i2,d3,Sensor
Quinn,e1,a2,e3,Sensor
Steve,h1,f2,d3,Sensor
Daisy,i1,j2,c3,Sensor
Lucas,d1,g2,a3,Sensor
Olivia,e1,j2,g3,Sensor
Ulysses,j1,c2,e3,Sensor
Xander,a1,c2,i3,Sensor
Olga,j1,c2,c3,Sensor
Karen,j1,i2,b3,Sensor
Wyatt,e1,i2,b3,Sensor
Laura,d1,e2,e3,Sensor
Oscar,e1,a2,h2,Sensor
Max,b1,d2,d3,Sensor
Ethan,i1,a2,a3,Sensor
Asher,f1,d2,i3,Sensor
Karen,c1,f2,j3,Sensor
David,d1,d2,j3,Sensor
Rose,b1,i2,e3,Sensor
Max,j1,i2,b3,Sensor
Eve,d1,f2,h2,Sensor
Isaac,g1,e2,g3,Sensor
Grace,i1,f2,j3,Sensor
Victor,b1,e2,e3,Sensor
Lucas,d1,h2,b3,Sensor
Faith,j1,b2,g3,Sensor
David,g1,b2,b3,Sensor
Hazel,b1,j2,c3,Sensor
Wendy,i1,i2,g3,Sensor
Thomas,h1,e2,h2,Sensor
Steve,i1,e2,h2,Sensor
Tara,d1,a2,j3,Sensor
Oscar,a1,d2,f3,Sensor
Tina,b1,b2,j3,Sensor
Yvonne,f1,c2,i3,Sensor
Max,d1,j2,h2,Sensor
Yvonne,e1,a2,f3,Sensor
Peter,a1,g2,h2,Sensor
Xander,h1,d2,b3,Sensor
Tara,h1,f2,i3,Sensor
Hazel,a1,c2,d3,Sensor
Ethan,j1,g2,d3,Sensor
Laura,b1,e2,e3,Sensor
Ryan,h1,h2,g3,Sensor
Tina,e1,h2,b3,Sensor
David,f1,f2,j3,Sensor
Brianna,b1,a2,d3,Sensor
Ivy,b1,g2,a3,Sensor
Faith,g1,h2,a3,Sensor
Kyle,a1,b2,i3,Sensor
Zach,i1,j2,a3,Sensor
Brianna,d1,h2,c3,Sensor
Jill,c1,c2,a3,Sensor
Ruby,e1,j2,j3,Sensor
Tina,b1,h2,a3,Sensor
Vanessa,a1,a2,d3,Sensor
Noah,e1,b2,b3,Sensor
Umar,f1,j2,d3,Sensor
Maya,a1,h2,f3,Sensor
Grace,g1,c2,c3,Sensor
Elijah,c1,h2,h2,Sensor
Ian,b1,c2,g3,Sensor
Yvonne,g1,h2,h2,Sensor
Grace,i1,h2,h2,Sensor
Fiona,g1,d2,a3,Sensor
Nora,e1,a2,b3,Sensor
George,j1,c2,a3,Sensor
Ivy,b1,b2,b3,Sensor
Lily,e1,d2,e3,Sensor
Cameron,c1,g2,i3,Sensor
Kevin,i1,g2,d3,Sensor
Hannah,i1,h2,j3,Sensor
Willow,a1,d2,j3,Sensor
Brooke,c1,g2,j3,Sensor
Ximena,e1,j2,g3,Sensor
Paul,b1,b2,j3,Sensor
Cameron,h1,a2,c3,Sensor
Ulysses,a1,h2,e3,Sensor
Mia,f1,h2,e3,Sensor
Umar,c1,g2,j3,Sensor
Holly,j1,f2,f3,Sensor
Zane,j1,h2,h2,Sensor
Brooke,i1,e2,j3,Sensor
Asher,c1,g2,i3,Sensor
Jill,j1,c2,h2,Sensor
Yvonne,e1,g2,e3,Sensor
Wyatt,f1,b2,d3,Sensor
Nathan,a1,c2,g3,Sensor
Laura,e1,c2,j3,Sensor
Hazel,h1,i2,j3,Sensor
Hannah,g1,i2,e3,Sensor
Hannah,a1,e2,g3,Sensor
Liam,f1,b2,h2,Sensor
Tara,g1,f2,h2,Sensor
Bella,a1,b2,a3,Sensor
Quincy,a1,f2,h2,Sensor
Xenia,d1,g2,h2,Sensor
Uma,b1,h2,f3,Sensor
Ulysses,d1,h2,i3,Sensor
Fiona,a1,j2,j3,Sensor
Faith,d1,i2,h2,Sensor
Oscar,e1,e2,d3,Sensor
Vera,f1,a2,c3,Sensor
Umar,c1,c2,e3,Sensor
Elijah,g1,a2,b3,Sensor
Aaron,b1,h2,i3,Sensor
Jill,g1,f2,e3,Sensor
Isaac,i1,d2,j3,Sensor
Vince,c1,j2,d3,Sensor
Quinn,j1,h2,h2,Sensor
Karen,i1,j2,j3,Sensor
James,a1,f2,a3,Sensor
Bella,e1,g2,h2,Sensor
Hank,c1,h2,a3,Sensor
Fiona,f1,c2,b3,Sensor
Mason,f1,h2,d3,Sensor
Ivy,b1,d2,i3,Sensor
Brianna,b1,a2,d3,Sensor
Isla,g1,h2,g3,Sensor
Cameron,c1,g2,b3,Sensor
Ethan,e1,a2,i3,Sensor
Ivy,h1,j2,g3,Sensor
Wyatt,e1,h2,h2,Sensor
Mason,f1,d2,i3,Sensor
Eli,h1,g2,j3,Sensor
Ian,f1,e2,h2,Sensor
Hank,d1,c2,g3,Sensor
Xenia,f1,f2,a3,Sensor
Zane,f1,a2,j3,Sensor
Sam,i1,f2,f3,Sensor
Kylie,i1,d2,g3,Sensor
Kevin,c1,d2,c3,Sensor
Bob,h1,d2,c3,Sensor
Ivy,e1,j2,j3,Sensor
Jill,e1,a2,i3,Sensor
Willow,b1,f2,c3,Sensor
Uma,e1,j2,a3,Sensor
Bob,e1,h2,j3,Sensor
Ryan,d1,a2,f3,Sensor
Zach,h1,d2,c3,Sensor
Hazel,j1,g2,i3,Sensor
Peter,d1,b2,g3,Sensor
Grace,g1,d2,d3,Sensor
Nathan,c1,f2,c3,Sensor
Kevin,h1,c2,g3,Sensor
Walter,h1,d2,h2,Sensor
Paige,f1,a2,c3,Sensor
Tara,h1,g2,b3,Sensor
James,g1,i2,c3,Sensor
Karen,e1,b2,f3,Sensor
Nathan,d1,e2,i3,Sensor
Lily,h1,c2,i3,Sensor
Nathan,a1,e2,c3,Sensor
Olga,e1,g2,e3,Sensor
Delilah,f1,c2,i3,Sensor
Rose,a1,d2,f3,Sensor
Willow,j1,f2,j3,Sensor
Tara,e1,c2,c3,Sensor
Quincy,b1,a2,d3,Sensor
Mia,b1,h2,i3,Sensor
Kyle,a1,g2,b3,Sensor
Peter,a1,h2,c3,Sensor
Cameron,i1,h2,g3,Sensor
Mia,f1,a2,i3,Sensor
Caleb,f1,h2,d3,Sensor
Elijah,b1,f2,e3,Sensor
Zach,i1,c2,b3,Sensor
Vanessa,h1,b2,e3,Sensor
Holly,i1,i2,c3,Sensor
Maya,b1,g2,f3,Sensor
Karen,b1,j2,e3,Sensor
Walter,d1,c2,a3,Sensor
James,j1,j2,d3,Sensor
Lily,h1,c2,h2,Sensor
David,e1,d2,e3,Sensor
Tina,f1,f2,e3,Sensor
Kylie,i1,g2,j3,Sensor
Lucas,a1,e2,e3,Sensor
Isla,d1,j2,j3,Sensor
Maya,i1,i2,b3,Sensor
Max,i1,g2,g3,Sensor
Olga,c1,b2,b3,Sensor
Nora,e1,g2,b3,Sensor
Sam,j1,i2,a3,Sensor
Yvonne,j1,f2,c3,Sensor
Paul,h1,e2,g3,Sensor
Rose,h1,e2,c3,Sensor
Yara,h1,c2,h2,Sensor
Hank,d1,c2,a3,Sensor
Frank,d1,e2,e3,Sensor
Yara,d1,i2,i3,Sensor
Rose,g1,e2,b3,Sensor
Karen,c1,f2,f3,Sensor
Frank,c1,g2,h2,Sensor
Xenia,d1,g2,b3,Sensor
Isaac,c1,e2,a3,Sensor
Riley,d1,b2,g3,Sensor
Bob,j1,d2,g3,Sensor
Karen,i1,d2,h2,Sensor
Noah,g1,j2,j3,Sensor
Nathan,g1,g2,d3,Sensor
Liam,b1,a2,c3,Sensor
Isla,i1,e2,j3,Sensor
Ruby,a1,g2,e3,Sensor
Hannah,e1,f2,g3,Sensor
Paige,e1,h2,b3,Sensor
Nina,g1,a2,b3,Sensor
Max,c1,f2,d3,Sensor
Jack,f1,f2,a3,Sensor
Liam,e1,i2,j3,Sensor
Xander,g1,f2,c3,Sensor
Sean,e1,e2,i3,Sensor
Brianna,d1,a2,f3,Sensor
Riley,g1,j2,i3,Sensor
Hazel,f1,a2,b3,Sensor
Gavin,c1,h2,d3,Sensor
Thomas,a1,b2,d3,Sensor
Mia,e1,a2,i3,Sensor
Jill,h1,j2,d3,Sensor
Isla,b1,e2,g3,Sensor
Victor,b1,b2,d3,Sensor
Jade,j1,g2,a3,Sensor
Delilah,i1,b2,d3,Sensor
Daisy,e1,f2,j3,Sensor
Willow,b1,b2,g3,Sensor
Eve,e1,i2,c3,Sensor
Steve,e1,h2,f3,Sensor
Hank,a1,f2,j3,Sensor
Eli,d1,g2,b3,Sensor
Wyatt,c1,a2,g3,Sensor
Jack,g1,b2,i3,Sensor
Owen,i1,a2,f3,Sensor
Brooke,c1,b2,d3,Sensor
Quinn,a1,c2,g3,Sensor
Alice,h1,f2,i3,Sensor
George,f1,h2,j3,Sensor
Riley,g1,d2,a3,Sensor
Holly,d1,c2,e3,Sensor
Lily,b1,h2,e3,Sensor
Bella,d1,a2,j3,Sensor
David,a1,h2,e3,Sensor
Xander,g1,d2,i3,Sensor
Rose,i1,i2,i3,Sensor
George,e1,a2,b3,Sensor
Noah,c1,g2,a3,Sensor
Isla,g1,a2,j3,Sensor
Jack,g1,g2,j3,Sensor
James,c1,g2,c3,Sensor
Nina,h1,g2,j3,Sensor
Holly,h1,d2,f3,Sensor
Wyatt,h1,d2,c3,Sensor
Laura,j1,d2,f3,Sensor
Frank,j1,f2,e3,Sensor
Thomas,i1,e2,f3,Sensor
Yosef,j1,g2,h2,Sensor
Freya,g1,c2,g3,Sensor
Owen,d1,c2,c3,Sensor
Olivia,h1,g2,b3,Sensor
Maya,a1,g2,c3,Sensor
Hazel,h1,a2,i3,Sensor
Victor,d1,j2,i3,Sensor
Hazel,h1,j2,j3,Sensor
David,a1,i2,c3,Sensor
Charlie,b1,b2,f3,Sensor
Delilah,a1,i2,g3,Sensor
Ian,b1,g2,i3,Sensor
Umar,i1,j2,e3,Sensor
Hazel,j1,d2,b3,Sensor
Kyle,c1,g2,h2,Sensor
Brooke,c1,c2,a3,Sensor
Willow,b1,b2,i3,Sensor
Maya,f1,a2,a3,Sensor
Xander,a1,d2,d3,Sensor
Isla,g1,i2,b3,Sensor
Tara,g1,i2,e3,Sensor
Bella,c1,h2,a3,Sensor
Oscar,b1,d2,j3,Sensor
Mia,d1,a2,b3,Sensor
Wendy,c1,g2,e3,Sensor
Ethan,c1,a2,j3,Sensor
Kyle,d1,a2,e3,Sensor
Connor,g1,c2,j3,Sensor
Grace,j1,a2,e3,Sensor
Zane,f1,d2,c3,Sensor
Daisy,d1,h2,a3,Sensor
Vince,e1,g2,j3,Sensor
Tina,g1,e2,c3,Sensor
Piper,a1,i2,e3,Sensor
Noah,j1,d2,j3,Sensor
Oscar,d1,f2,d3,Sensor
Ximena,g1,b2,e3,Sensor
Jack,c1,a2,e3,Sensor
Ivy,g1,i2,g3,Sensor
Jill,f1,g2,e3,Sensor
Jill,d1,g2,g3,Sensor
Ryan,h1,j2,f3,Sensor
Jade,g1,h2,j3,Sensor
Lily,g1,g2,d3,Sensor
Hannah,d1,e2,a3,Sensor
Diana,j1,d2,g3,Sensor
Zach,c1,b2,i3,Sensor
Fiona,f1,a2,f3,Sensor
Faith,d1,d2,g3,Sensor
Caleb,b1,d2,g3,Sensor
Max,e1,h2,c3,Sensor
Caleb,b1,f2,a3,Sensor
Quincy,b1,f2,i3,Sensor
Gavin,b1,c2,a3,Sensor
Maya,i1,a2,g3,Sensor
Hannah,b1,j2,e3,Sensor
Ian,f1,c2,g3,Sensor
Tara,e1,i2,h2,Sensor
Mia,a1,f2,a3,Sensor
Vera,e1,c2,h2,Sensor
Wyatt,d1,b2,g3,Sensor
Diana,b1,d2,e3,Sensor
Hank,g1,f2,i3,Sensor
Laura,a1,d2,j3,Sensor
James,c1,g2,c3,Sensor
Bob,h1,j2,g3,Sensor
Hannah,c1,i2,e3,Sensor
Xander,i1,f2,i3,Sensor
Lily,b1,i2,g3,Sensor
Olivia,f1,g2,f3,Sensor
Willow,d1,c2,c3,Sensor
Hannah,j1,h2,d3,Sensor
Bob,b1,f2,i3,Sensor
Delilah,j1,e2,b3,Sensor
Bob,i1,h2,i3,Sensor
Olivia,j1,g2,d3,Sensor
Ximena,i1,e2,b3,Sensor
Liam,b1,g2,f3,Sensor
Connor,g1,d2,g3,Sensor
Vince,b1,i2,j3,Sensor
Yvonne,c1,a2,j3,Sensor
Liam,h1,a2,j3,Sensor
Bella,e1,i2,a3,Sensor
Owen,j1,a2,c3,Sensor
Uma,d1,h2,h2,Sensor
Ian,d1,c2,b3,Sensor
Liam,b1,h2,f3,Sensor
Cameron,j1,e2,j3,Sensor
Oscar,j1,h2,a3,Sensor
Sophie,a1,c2,j3,Sensor
Willow,j1,e2,c3,Sensor
Paul,b1,e2,b3,Sensor
Liam,d1,e2,h2,Sensor
Caleb,c1,g2,b3,Sensor
Ethan,b1,b2,f3,Sensor
Elijah,e1,c2,g3,Sensor
Yosef,c1,i2,f3,Sensor
Fiona,g1,a2,c3,Sensor
Isaac,b1,b2,j3,Sensor
Umar,b1,e2,j3,Sensor
Paul,b1,h2,d3,Sensor
Mia,i1,g2,a3,Sensor
Maya,a1,f2,c3,Sensor
Ian,g1,e2,a3,Sensor
Elijah,f1,e2,b3,Sensor
Vince,b1,e2,b3,Sensor
Karen,a1,g2,c3,Sensor
Hannah,g1,i2,j3,Sensor
David,c1,h2,e3,Sensor
Daisy,a1,i2,b3,Sensor
Fiona,f1,f2,b3,Sensor
Faith,f1,f2,g3,Sensor
Owen,h1,j2,c3,Sensor
Bob,b1,a2,e3,Sensor
Wendy,f1,h2,b3,Sensor
Lily,b1,i2,j3,Sensor
James,i1,a2,j3,Sensor
Rose,b1,e2,g3,Sensor
Mason,d1,a2,j3,Sensor
Freya,f1,e2,d3,Sensor
Uma,h1,i2,h2,Sensor
Daisy,b1,e2,a3,Sensor
Tara,f1,e2,e3,Sensor
Olivia,i1,e2,f3,Sensor
Quincy,a1,a2,i3,Sensor
Daisy,a1,a2,c3,Sensor
Nathan,c1,a2,i3,Sensor
Delilah,c1,j2,a3,Sensor
Steve,g1,h2,a3,Sensor
Oscar,b1,c2,d3,Sensor
Sam,d1,g2,g3,Sensor
Owen,h1,c2,j3,Sensor
Owen,d1,j2,g3,Sensor
Maya,h1,b2,a3,Sensor
Ulysses,g1,j2,h2,Sensor
Umar,g1,j2,h2,Sensor
Sean,j1,h2,a3,Sensor
Diana,c1,c2,j3,Sensor
Zane,j1,f2,j3,Sensor
Eve,e1,j2,i3,Sensor
Ulysses,j1,f2,e3,Sensor
Owen,i1,i2,b3,Sensor
Nina,b1,f2,d3,Sensor
Steve,a1,a2,b3,Sensor
Ximena,e1,i2,f3,Sensor
Yara,g1,c2,j3,Sensor
Walter,d1,g2,g3,Sensor
Frank,g1,h2,d3,Sensor
Kylie,f1,h2,a3,Sensor
Lucas,j1,j2,j3,Sensor
Holly,h1,b2,i3,Sensor
Xander,c1,b2,a3,Sensor
Eli,b1,b2,i3,Sensor
Zoey,b1,h2,j3,Sensor
Eli,d1,e2,e3,Sensor
Delilah,b1,i2,g3,Sensor
Quinn,e1,c2,f3,Sensor
Xander,j1,h2,b3,Sensor
Nina,e1,e2,j3,Sensor
Tina,d1,h2,b3,Sensor
Xenia,j1,e2,e3,Sensor
Nora,f1,a2,h2,Sensor
Thomas,h1,h2,i3,Sensor
Yvonne,j1,j2,i3,Sensor
Adam,f1,h2,f3,Sensor
Cameron,e1,d2,g3,Sensor
Umar,i1,h2,f3,Sensor
Xenia,e1,d2,b3,Sensor
Quinn,a1,a2,b3,Sensor
Uma,j1,f2,a3,Sensor
Tara,g1,a2,c3,Sensor
Vince,f1,a2,g3,Sensor
Fiona,a1,b2,d3,Sensor
Walter,f1,h2,i3,Sensor
Liam,g1,b2,f3,Sensor
Steve,c1,j2,e3,Sensor
Nathan,g1,j2,g3,Sensor
Cameron,i1,a2,e3,Sensor
Frank,h1,a2,d3,Sensor
Isaac,a1,b2,g3,Sensor
Charlie,j1,f2,h2,Sensor
Ximena,a1,e2,d3,Sensor
Kyle,g1,a2,c3,Sensor
Quincy,d1,f2,i3,Sensor
Fiona,d1,f2,a3,Sensor
Delilah,e1,d2,e3,Sensor
Brooke,b1,a2,h2,Sensor
Liam,h1,g2,h2,Sensor
Willow,i1,a2,a3,Sensor
Freya,d1,g2,i3,Sensor
Xander,j1,g2,g3,Sensor
Sam,a1,j2,a3,Sensor
Ursula,b1,i2,i3,Sensor
Mason,j1,e2,a3,Sensor
Tina,h1,b2,g3,Sensor
Tina,j1,a2,h2,Sensor
Bella,j1,b2,a3,Sensor
Brianna,h1,d2,i3,Sensor
Ulysses,b1,j2,j3,Sensor
Yara,f1,e2,b3,Sensor
Thomas,g1,e2,e3,Sensor
Zach,c1,j2,e3,Sensor
Jill,c1,e2,b3,Sensor
Victor,d1,g2,i3,Sensor
Cameron,d1,a2,d3,Sensor
Tara,f1,e2,e3,Sensor
Ximena,i1,j2,b3,Sensor
Delilah,i1,i2,d3,Sensor
Ximena,i1,h2,c3,Sensor
Maya,g1,d2,b3,Sensor
Frank,b1,c2,f3,Sensor
Walter,b1,h2,e3,Sensor
Max,h1,i2,i3,Sensor
Nora,f1,g2,f3,Sensor
Peter,i1,c2,f3,Sensor
Mia,j1,i2,i3,Sensor
Xander,c1,b2,j3,Sensor
Gabriel,c1,g2,a3,Sensor
James,g1,i2,c3,Sensor
Vanessa,i1,f2,f3,Sensor
Lily,i1,e2,f3,Sensor
Kyle,c1,f2,d3,Sensor
Ivy,e1,d2,a3,Sensor
Elijah,e1,i2,e3,Sensor
Ryan,b1,i2,d3,Sensor
Thomas,f1,j2,e3,Sensor
Adam,h1,f2,a3,Sensor
Vera,h1,d2,i3,Sensor
Xander,f1,f2,c3,Sensor
Willow,g1,j2,a3,Sensor
Quinn,d1,c2,g3,Sensor
Vera,h1,j2,c3,Sensor
Ivy,a1,g2,a3,Sensor
Kyle,g1,i2,h2,Sensor
Maya,c1,c2,i3,Sensor
Isaac,a1,e2,j3,Sensor
Eve,b1,i2,f3,Sensor
Yvonne,j1,b2,b3,Sensor
George,e1,a2,c3,Sensor
Hank,c1,g2,h2,Sensor
Willow,a1,h2,f3,Sensor
Lily,g1,g2,h2,Sensor
Elijah,a1,h2,j3,Sensor
Freya,h1,j2,j3,Sensor
Jill,c1,i2,g3,Sensor
Ryan,f1,a2,b3,Sensor
Tina,h1,e2,i3,Sensor
Steve,c1,g2,f3,Sensor
Kylie,g1,e2,a3,Sensor
Brooke,a1,c2,i3,Sensor
Isaac,h1,i2,j3,Sensor
Frank,j1,a2,g3,Sensor
Wendy,c1,j2,i3,Sensor
Bob,i1,d2,j3,Sensor
George,j1,a2,a3,Sensor
Diana,j1,c2,a3,Sensor
Brianna,j1,j2,f3,Sensor
Ethan,e1,b2,f3,Sensor
Elijah,e1,d2,e3,Sensor
James,d1,j2,i3,Sensor
Maya,h1,e2,g3,Sensor
Ryan,c1,b2,a3,Sensor
Peter,e1,e2,c3,Sensor
Hank,e1,j2,a3,Sensor
Nora,i1,g2,f3,Sensor
Rose,g1,j2,d3,Sensor
Hank,j1,j2,a3,Sensor
Thomas,j1,c2,g3,Sensor
Xander,c1,a2,a3,Sensor
Grace,i1,g2,g3,Sensor
Laura,f1,j2,h2,Sensor
Yara,j1,g2,h2,Sensor
Gavin,a1,f2,g3,Sensor
Olivia,h1,g2,c3,Sensor
Fiona,b1,f2,e3,Sensor
Rose,c1,d2,b3,Sensor
Yara,i1,d2,j3,Sensor
Umar,c1,j2,a3,Sensor
Holly,j1,j2,b3,Sensor
Connor,c1,j2,e3,Sensor
Hannah,a1,j2,g3,Sensor
Sean,i1,h2,f3,Sensor
Ulysses,e1,d2,b3,Sensor
Eli,g1,g2,g3,Sensor
Owen,e1,d2,j3,Sensor
Vanessa,i1,c2,i3,Sensor
Faith,h1,g2,g3,Sensor
Nora,f1,j2,b3,Sensor
Asher,j1,c2,f3,Sensor
Walter,h1,a2,c3,Sensor
Ian,i1,a2,j3,Sensor
Fiona,e1,j2,j3,Sensor
Kylie,i1,e2,e3,Sensor
Holly,h1,c2,b3,Sensor
Max,e1,h2,a3,Sensor
Owen,b1,b2,i3,Sensor
Jack,f1,a2,b3,Sensor
Jade,d1,c2,b3,Sensor
Hazel,h1,d2,f3,Sensor
Jade,d1,c2,g3,Sensor
Umar,f1,e2,g3,Sensor
Nina,g1,a2,f3,Sensor
Olivia,g1,g2,g3,Sensor
Riley,g1,d2,j3,Sensor
Ursula,d1,i2,g3,Sensor
Vince,g1,i2,j3,Sensor
Kylie,d1,d2,b3,Sensor
Riley,e1,d2,c3,Sensor
Mia,h1,c2,h2,Sensor
Tina,c1,i2,h2,Sensor
Ivy,j1,b2,h2,Sensor
Connor,a1,d2,a3,Sensor
Bella,f1,c2,a3,Sensor
Brianna,e1,f2,h2,Sensor
Yara,i1,h2,i3,Sensor
Ryan,a1,a2,a3,Sensor
Daisy,d1,b2,a3,Sensor
Eli,f1,a2,b3,Sensor
Isla,i1,b2,a3,Sensor
Tina,b1,h2,i3,Sensor
Ulysses,g1,b2,i3,Sensor
Owen,f1,a2,h2,Sensor
Ethan,j1,e2,a3,Sensor
Piper,f1,a2,b3,Sensor
Hank,d1,i2,d3,Sensor
Asher,j1,f2,g3,Sensor
Jack,c1,g2,b3,Sensor
Elijah,j1,d2,e3,Sensor
Olivia,j1,j2,j3,Sensor
Ryan,h1,d2,a3,Sensor
Wendy,f1,i2,h2,Sensor
Isla,f1,e2,e3,Sensor
Victor,b1,g2,b3,Sensor
Yosef,i1,b2,g3,Sensor
Connor,e1,a2,i3,Sensor
Jade,a1,i2,c3,Sensor
Isaac,f1,c2,f3,Sensor
Maya,h1,f2,g3,Sensor
Adam,h1,h2,c3,Sensor
Liam,b1,e2,c3,Sensor
Yara,f1,a2,j3,Sensor
Adam,c1,i2,b3,Sensor
Xander,h1,h2,j3,Sensor
Ximena,i1,f2,a3,Sensor
Eve,b1,e2,f3,Sensor
Eli,a1,f2,a3,Sensor
Freya,i1,c2,c3,Sensor
Laura,b1,d2,f3,Sensor
Rose,e1,b2,c3,Sensor
Wyatt,a1,c2,f3,Sensor
Sean,f1,j2,b3,Sensor
Quincy,h1,h2,h2,Sensor
George,e1,a2,e3,Sensor
Noah,h1,g2,c3,Sensor
Wendy,c1,f2,c3,Sensor
Cameron,d1,c2,g3,Sensor
Zane,f1,g2,a3,Sensor
Isla,g1,g2,e3,Sensor
Max,e1,b2,a3,Sensor
Isaac,c1,f2,g3,Sensor
Nora,g1,i2,d3,Sensor
Eve,i1,d2,g3,Sensor
Paige,j1,f2,b3,Sensor
Frank,h1,c2,g3,Sensor
Ivy,h1,f2,e3,Sensor
Wyatt,f1,b2,d3,Sensor
Paige,a1,f2,h2,Sensor
Vince,a1,h2,a3,Sensor
Nora,h1,d2,f3,Sensor
Oscar,d1,b2,g3,Sensor
Maya,i1,a2,h2,Sensor
Tara,f1,d2,h2,Sensor
Riley,h1,e2,c3,Sensor
Nina,e1,j2,h2,Sensor
Vince,i1,f2,f3,Sensor
Ximena,a1,f2,b3,Sensor
Elijah,i1,b2,i3,Sensor
Mia,i1,f2,h2,Sensor
Hannah,e1,c2,b3,Sensor
Delilah,b1,g2,f3,Sensor
Xander,f1,e2,i3,Sensor
Isaac,a1,g2,b3,Sensor
Eve,b1,f2,c3,Sensor
Ximena,f1,f2,j3,Sensor
Sophie,h1,c2,h2,Sensor
Quinn,g1,a2,c3,Sensor
Hazel,c1,a2,f3,Sensor
Paige,a1,g2,a3,Sensor
Ximena,c1,b2,b3,Sensor
Oscar,e1,f2,a3,Sensor
Ursula,f1,d2,i3,Sensor
Olga,g1,c2,d3,Sensor
Yara,a1,h2,b3,Sensor
Faith,h1,a2,g3,Sensor
Willow,h1,h2,b3,Sensor
Hank,i1,f2,g3,Sensor
Ulysses,a1,e2,a3,Sensor
Ulysses,b1,c2,g3,Sensor
Lily,d1,a2,a3,Sensor
Ethan,i1,a2,g3,Sensor
James,b1,h2,b3,Sensor
Brooke,c1,g2,j3,Sensor
Victor,c1,d2,e3,Sensor
Tara,c1,g2,c3,Sensor
Vanessa,h1,b2,g3,Sensor
Fiona,d1,a2,b3,Sensor
Walter,c1,a2,c3,Sensor
Rose,h1,c2,f3,Sensor
Owen,g1,e2,b3,Sensor
Yvonne,i1,i2,a3,Sensor
Wendy,d1,a2,h2,Sensor
Willow,i1,g2,b3,Sensor
Lucas,c1,d2,g3,Sensor
Quincy,b1,d2,d3,Sensor
Mason,b1,c2,c3,Sensor
Victor,h1,h2,i3,Sensor
Ximena,a1,g2,j3,Sensor
Karen,h1,f2,a3,Sensor
Owen,i1,d2,b3,Sensor
Tara,e1,j2,e3,Sensor
Olivia,b1,b2,d3,Sensor
Piper,f1,j2,g3,Sensor
Brooke,b1,d2,i3,Sensor
Freya,j1,g2,j3,Sensor
Peter,c1,b2,e3,Sensor
Daisy,c1,j2,i3,Sensor
Laura,i1,g2,b3,Sensor
Aaron,g1,g2,e3,Sensor
Asher,b1,d2,g3,Sensor
Xander,c1,j2,d3,Sensor
Sam,a1,h2,f3,Sensor
Lucas,f1,j2,e3,Sensor
Bob,f1,j2,f3,Sensor
Ryan,g1,b2,b3,Sensor
Mia,j1,h2,d3,Sensor
Yvonne,c1,h2,f3,Sensor
Quinn,g1,a2,j3,Sensor
Cameron,h1,d2,j3,Sensor
Ulysses,g1,g2,c3,Sensor
Isaac,f1,d2,d3,Sensor
Ximena,d1,j2,b3,Sensor
Liam,e1,e2,h2,Sensor
Charlie,a1,a2,a3,Sensor
Sam,b1,c2,c3,Sensor
Nathan,a1,f2,h2,Sensor
Zoey,e1,f2,c3,Sensor
Paul,b1,c2,c3,Sensor
Asher,b1,a2,j3,Sensor
Nina,c1,g2,i3,Sensor
Maya,b1,g2,a3,Sensor
Ethan,f1,c2,h2,Sensor
Vince,a1,j2,i3,Sensor
Oscar,e1,a2,h2,Sensor
Vanessa,g1,a2,b3,Sensor
Uma,j1,e2,h2,Sensor
Xenia,d1,b2,b3,Sensor
Rose,h1,d2,a3,Sensor
Gabriel,g1,h2,j3,Sensor
Brooke,f1,c2,e3,Sensor
Gavin,b1,b2,j3,Sensor
Ivy,h1,j2,i3,Sensor
Walter,g1,j2,h2,Sensor
Ian,d1,i2,f3,Sensor
Ulysses,e1,c2,g3,Sensor
Ximena,a1,e2,g3,Sensor
Sam,b1,e2,c3,Sensor
Kevin,e1,a2,e3,Sensor
Riley,b1,d2,g3,Sensor
Laura,h1,i2,a3,Sensor
Tina,e1,b2,e3,Sensor
Gavin,d1,g2,d3,Sensor
Gavin,f1,i2,f3,Sensor
Quincy,i1,c2,f3,Sensor
Paige,d1,a2,h2,Sensor
Alice,a1,h2,f3,Sensor
Sam,i1,h2,g3,Sensor
Gavin,b1,g2,c3,Sensor
Isla,h1,f2,c3,Sensor
Yara,j1,h2,f3,Sensor
Lily,a1,b2,d3,Sensor
Aaron,d1,j2,c3,Sensor
Oscar,c1,g2,i3,Sensor
Olivia,h1,d2,j3,Sensor
Vanessa,a1,g2,j3,Sensor
Jade,g1,j2,d3,Sensor
David,h1,f2,a3,Sensor
Hannah,e1,c2,e3,Sensor
Nora,f1,d2,i3,Sensor
Ximena,j1,f2,c3,Sensor
Ruby,d1,d2,d3,Sensor
Yvonne,i1,d2,b3,Sensor
Diana,c1,c2,h2,Sensor
Kyle,f1,h2,e3,Sensor
Diana,g1,b2,d3,Sensor
Victor,b1,h2,j3,Sensor
Hank,f1,c2,a3,Sensor
Jade,i1,f2,d3,Sensor
Walter,h1,h2,f3,Sensor
Jack,j1,c2,j3,Sensor
Adam,a1,d2,g3,Sensor
Freya,g1,d2,f3,Sensor
Laura,d1,e2,h2,Sensor
Wyatt,g1,e2,g3,Sensor
Zane,h1,c2,i3,Sensor
Wyatt,b1,b2,g3,Sensor
Elijah,e1,g2,d3,Sensor
Nora,f1,c2,i3,Sensor
Olivia,a1,j2,i3,Sensor
Hannah,h1,e2,g3,Sensor
Gavin,g1,j2,i3,Sensor
Maya,b1,j2,j3,Sensor
Holly,j1,e2,c3,Sensor
Victor,g1,h2,i3,Sensor
Mia,h1,h2,c3,Sensor
Ursula,i1,c2,a3,Sensor
Laura,f1,f2,g3,Sensor
Sophie,j1,f2,h2,Sensor
Jack,h1,c2,e3,Sensor
Ximena,j1,i2,e3,Sensor
Oscar,e1,b2,h2,Sensor
Willow,h1,h2,h2,Sensor
Laura,g1,f2,f3,Sensor
Olivia,j1,d2,g3,Sensor
Jade,a1,e2,a3,Sensor
Xenia,f1,g2,b3,Sensor
Holly,c1,d2,g3,Sensor
Wendy,h1,b2,d3,Sensor
David,j1,b2,b3,Sensor
Ruby,j1,f2,g3,Sensor
Lucas,b1,a2,c3,Sensor
Ryan,d1,b2,a3,Sensor
Hazel,f1,b2,i3,Sensor
Asher,h1,f2,i3,Sensor
Xander,e1,b2,j3,Sensor
Alice,a1,b2,c3,Sensor
Asher,h1,i2,j3,Sensor
Jack,j1,e2,h2,Sensor
Oscar,e1,a2,e3,Sensor
Walter,d1,j2,j3,Sensor
Fiona,h1,e2,e3,Sensor
Zach,d1,a2,b3,Sensor
Grace,g1,f2,a3,Sensor
Ethan,g1,f2,f3,Sensor
Grace,f1,i2,a3,Sensor
Laura,i1,c2,b3,Sensor
Quinn,i1,h2,a3,Sensor
Charlie,d1,c2,e3,Sensor
Noah,i1,c2,e3,Sensor
Cameron,i1,i2,a3,Sensor
Xander,f1,j2,a3,Sensor
Kevin,d1,f2,d3,Sensor
Caleb,e1,i2,h2,Sensor
Sam,c1,i2,b3,Sensor
Walter,i1,c2,h2,Sensor
Maya,g1,j2,e3,Sensor
David,e1,g2,e3,Sensor
Kyle,c1,j2,i3,Sensor
Adam,a1,h2,d3,Sensor
Isla,c1,i2,a3,Sensor
Piper,i1,c2,f3,Sensor
Eli,e1,g2,h2,Sensor
Zoey,c1,h2,e3,Sensor
Eve,f1,a2,e3,Sensor
Sam,b1,g2,d3,Sensor
Tina,f1,b2,j3,Sensor
Brianna,g1,e2,f3,Sensor
Karen,i1,j2,b3,Sensor
Gabriel,c1,i2,a3,Sensor
Zach,a1,d2,i3,Sensor
Mason,i1,e2,f3,Sensor
Zoey,b1,a2,c3,Sensor
Vanessa,i1,g2,e3,Sensor
Aaron,i1,d2,g3,Sensor
Paige,j1,i2,h2,Sensor
Mason,d1,j2,j3,Sensor
Zoey,d1,e2,h2,Sensor
Adam,b1,f2,e3,Sensor
Oscar,h1,b2,b3,Sensor
Vanessa,d1,b2,g3,Sensor
Eli,i1,j2,i3,Sensor
Bob,c1,j2,c3,Sensor
Xenia,c1,i2,c3,Sensor
Walter,a1,e2,d3,Sensor
Kevin,a1,g2,b3,Sensor
Ruby,i1,b2,g3,Sensor
Gabriel,e1,c2,b3,Sensor
Elijah,i1,d2,j3,Sensor
Isaac,a1,a2,c3,Sensor
Uma,i1,j2,i3,Sensor
Xander,h1,b2,j3,Sensor
Ruby,a1,d2,c3,Sensor
Tina,h1,c2,b3,Sensor
Ivy,f1,j2,b3,Sensor
Xander,d1,f2,f3,Sensor
Willow,c1,j2,g3,Sensor
Caleb,d1,d2,d3,Sensor
Ian,e1,j2,b3,Sensor
Vanessa,i1,a2,a3,Sensor
Peter,i1,a2,h2,Sensor
Riley,h1,e2,f3,Sensor
Ximena,i1,i2,a3,Sensor
Adam,j1,j2,b3,Sensor
Victor,f1,b2,c3,Sensor
Freya,i1,a2,a3,Sensor
Adam,f1,c2,c3,Sensor
Vera,d1,i2,d3,Sensor
Owen,g1,h2,b3,Sensor
Caleb,f1,e2,i3,Sensor
Ian,i1,f2,c3,Sensor
Yvonne,e1,b2,g3,Sensor
Oscar,e1,f2,f3,Sensor
Ryan,d1,e2,d3,Sensor
Wendy,j1,c2,i3,Sensor
Oscar,h1,h2,b3,Sensor
Tara,c1,i2,h2,Sensor
Isaac,h1,i2,h2,Sensor
Zach,j1,a2,f3,Sensor
Vera,e1,i2,j3,Sensor
Ruby,j1,j2,j3,Sensor
Brooke,d1,c2,f3,Sensor
Nathan,c1,b2,a3,Sensor
Isla,b1,j2,e3,Sensor
Peter,h1,a2,e3,Sensor
Riley,d1,i2,e3,Sensor
Paul,g1,g2,i3,Sensor
Zoey,d1,i2,a3,Sensor
Tina,h1,h2,h2,Sensor
Victor,j1,d2,i3,Sensor
Willow,d1,e2,a3,Sensor
Steve,c1,a2,a3,Sensor
Ulysses,e1,i2,c3,Sensor
Mason,h1,d2,e3,Sensor
Tara,f1,b2,a3,Sensor
Isla,a1,d2,a3,Sensor
Quinn,a1,b2,a3,Sensor
Gabriel,b1,f2,c3,Sensor
Yara,h1,i2,c3,Sensor
Xander,g1,d2,f3,Sensor
Xander,g1,a2,h2,Sensor
Liam,f1,e2,a3,Sensor
Vera,a1,a2,e3,Sensor
Asher,b1,i2,c3,Sensor
Sam,d1,g2,f3,Sensor
Nathan,c1,j2,g3,Sensor
Owen,b1,b2,i3,Sensor
Brooke,c1,g2,e3,Sensor
Tina,f1,c2,a3,Sensor
Ryan,a1,j2,e3,Sensor
Ian,a1,c2,b3,Sensor
Olga,e1,g2,i3,Sensor
Thomas,b1,d2,g3,Sensor
Wyatt,g1,g2,a3,Sensor
Adam,i1,a2,g3,Sensor
Jack,g1,h2,h2,Sensor
Maya,b1,d2,b3,Sensor
Jade,i1,j2,a3,Sensor
Zach,d1,g2,f3,Sensor
Ivy,f1,a2,e3,Sensor
Tara,a1,d2,j3,Sensor
Gavin,i1,i2,i3,Sensor
Elijah,d1,d2,c3,Sensor
Gavin,e1,f2,a3,Sensor
Xander,g1,c2,b3,Sensor
Yosef,b1,g2,g3,Sensor
Noah,a1,f2,i3,Sensor
Riley,e1,j2,c3,Sensor
Lucas,g1,b2,g3,Sensor
Thomas,c1,d2,c3,Sensor
Willow,a1,a2,g3,Sensor
Steve,c1,d2,h2,Sensor
Riley,g1,h2,b3,Sensor
Quinn,a1,i2,b3,Sensor
Vera,d1,j2,b3,Sensor
Willow,h1,e2,a3,Sensor
James,g1,a2,f3,Sensor
Olga,b1,a2,e3,Sensor
Zach,c1,g2,h2,Sensor
Mason,h1,j2,h2,Sensor
Tina,j1,e2,h2,Sensor
Willow,h1,i2,d3,Sensor
Tina,c1,h2,g3,Sensor
Zach,i1,b2,i3,Sensor
Owen,j1,e2,a3,Sensor
Ryan,a1,j2,d3,Sensor
Riley,i1,f2,f3,Sensor
Max,f1,c2,j3,Sensor
Connor,g1,b2,h2,Sensor
David,b1,j2,j3,Sensor
Walter,d1,j2,a3,Sensor
Hank,d1,e2,j3,Sensor
Zach,f1,h2,e3,Sensor
Cameron,i1,h2,a3,Sensor
Steve,a1,j2,b3,Sensor
Sophie,e1,f2,e3,Sensor
Tina,j1,a2,j3,Sensor
Wendy,h1,e2,a3,Sensor
Faith,d1,g2,g3,Sensor
Wendy,d1,c2,c3,Sensor
Kevin,b1,a2,d3,Sensor
Karen,h1,e2,c3,Sensor
Caleb,c1,g2,e3,Sensor
Nora,g1,a2,e3,Sensor
Sophie,b1,b2,a3,Sensor
Vera,f1,a2,c3,Sensor
Piper,g1,h2,j3,Sensor
Nina,f1,d2,j3,Sensor
Tina,h1,c2,h2,Sensor
Brianna,h1,j2,a3,Sensor
Charlie,i1,f2,h2,Sensor
Hannah,f1,f2,f3,Sensor
Vince,h1,i2,i3,Sensor
Fiona,c1,g2,i3,Sensor
Noah,a1,g2,f3,Sensor
Mia,g1,a2,e3,Sensor
Jade,b1,a2,f3,Sensor
Lucas,i1,d2,a3,Sensor
Wendy,d1,h2,d3,Sensor
James,c1,a2,f3,Sensor
Ulysses,e1,i2,c3,Sensor
Owen,h1,f2,h2,Sensor
Mason,e1,c2,b3,Sensor
Cameron,i1,i2,f3,Sensor
Elijah,b1,a2,h2,Sensor
Nina,e1,c2,d3,Sensor
Tina,j1,j2,c3,Sensor
Hazel,b1,d2,i3,Sensor
Eve,j1,j2,c3,Sensor
Frank,e1,i2,d3,Sensor
Grace,a1,e2,e3,Sensor
Karen,g1,d2,j3,Sensor
Xenia,c1,a2,d3,Sensor
Tina,a1,j2,g3,Sensor
Tara,b1,d2,h2,Sensor
Cameron,c1,h2,a3,Sensor
Connor,a1,b2,a3,Sensor
Piper,h1,f2,g3,Sensor
Karen,c1,a2,b3,Sensor
Cameron,d1,d2,f3,Sensor
Riley,h1,h2,g3,Sensor
Walter,a1,j2,b3,Sensor
Paul,f1,a2,g3,Sensor
Victor,j1,j2,f3,Sensor
Daisy,f1,c2,b3,Sensor
Umar,f1,e2,j3,Sensor
Sam,b1,i2,g3,Sensor
Eve,j1,e2,h2,Sensor
Willow,a1,e2,i3,Sensor
Vince,e1,e2,f3,Sensor
Xander,b1,i2,c3,Sensor
Jill,f1,c2,a3,Sensor
Quinn,b1,d2,a3,Sensor
Oscar,b1,a2,d3,Sensor
Connor,i1,b2,d3,Sensor
Grace,g1,i2,a3,Sensor
Charlie,h1,a2,f3,Sensor
Ivy,d1,g2,e3,Sensor
Ximena,i1,e2,d3,Sensor
Tara,e1,j2,a3,Sensor
Bob,j1,g2,c3,Sensor
Oscar,g1,g2,g3,Sensor
Zoey,a1,e2,i3,Sensor
Tina,a1,f2,b3,Sensor
Elijah,j1,b2,g3,Sensor
Wyatt,b1,a2,d3,Sensor
Tina,g1,c2,g3,Sensor
Zach,g1,j2,d3,Sensor
Gabriel,b1,h2,f3,Sensor
Yosef,f1,a2,d3,Sensor
Quinn,j1,i2,d3,Sensor
Victor,e1,g2,b3,Sensor
Mia,e1,g2,c3,Sensor
George,f1,i2,a3,Sensor
Grace,h1,d2,f3,Sensor
Fiona,h1,f2,e3,Sensor
Tara,f1,c2,d3,Sensor
Charlie,c1,d2,a3,Sensor
Uma,j1,f2,f3,Sensor
Xenia,b1,a2,d3,Sensor
Karen,c1,g2,j3,Sensor
Maya,g1,d2,b3,Sensor
Tina,j1,j2,e3,Sensor
Rose,h1,i2,a3,Sensor
Brianna,b1,j2,i3,Sensor
Gavin,i1,d2,b3,Sensor
Quinn,b1,a2,h2,Sensor
Lucas,b1,b2,d3,Sensor
Noah,c1,f2,i3,Sensor
Ryan,g1,h2,a3,Sensor
Zach,c1,b2,i3,Sensor
Steve,d1,f2,h2,Sensor
Zane,g1,d2,i3,Sensor
Delilah,c1,f2,a3,Sensor
Zach,g1,i2,b3,Sensor
Gabriel,c1,i2,b3,Sensor
Maya,e1,i2,c3,Sensor
Ursula,i1,a2,e3,Sensor
Mason,d1,h2,h2,Sensor
Ulysses,b1,j2,c3,Sensor
Mia,d1,b2,a3,Sensor
Jill,f1,d2,h2,Sensor
Bella,e1,b2,c3,Sensor
Laura,f1,b2,b3,Sensor
Isaac,g1,g2,g3,Sensor
Isla,c1,c2,g3,Sensor
Asher,f1,a2,g3,Sensor
Nathan,a1,a2,a3,Sensor
Willow,b1,g2,a3,Sensor
Vanessa,c1,a2,a3,Sensor
Olivia,j1,i2,h2,Sensor
Piper,j1,b2,d3,Sensor
Yara,h1,h2,g3,Sensor
Adam,d1,e2,h2,Sensor
Nathan,h1,b2,f3,Sensor
Gavin,b1,b2,j3,Sensor
Vince,e1,h2,e3,Sensor
Tina,j1,c2,g3,Sensor
Lily,j1,e2,g3,Sensor
Willow,e1,i2,h2,Sensor
George,d1,a2,h2,Sensor
Adam,c1,c2,a3,Sensor
Kevin,f1,d2,b3,Sensor
Alice,j1,d2,i3,Sensor
Nora,f1,e2,b3,Sensor
Connor,f1,h2,i3,Sensor
Isaac,d1,g2,c3,Sensor
Hazel,j1,j2,i3,Sensor
Liam,b1,j2,i3,Sensor
Ian,f1,b2,a3,Sensor
Delilah,c1,j2,e3,Sensor
Kyle,j1,a2,d3,Sensor
Isaac,c1,f2,a3,Sensor
Delilah,b1,j2,h2,Sensor
George,i1,b2,h2,Sensor
Mason,c1,i2,f3,Sensor
Nora,a1,f2,d3,Sensor
Oscar,i1,h2,f3,Sensor
Brooke,f1,a2,b3,Sensor
Delilah,a1,c2,d3,Sensor
Owen,c1,i2,e3,Sensor
Ximena,j1,f2,a3,Sensor
Quincy,c1,b2,f3,Sensor
Adam,j1,b2,h2,Sensor
Vanessa,c1,h2,i3,Sensor
Ryan,c1,a2,f3,Sensor
Xander,b1,h2,f3,Sensor
Zoey,a1,e2,c3,Sensor
Vera,e1,c2,i3,Sensor
Hazel,j1,f2,a3,Sensor
Yara,c1,d2,g3,Sensor
Umar,d1,a2,e3,Sensor
Jack,i1,i2,c3,Sensor
Quincy,e1,c2,e3,Sensor
Sean,i1,h2,b3,Sensor
Gavin,e1,g2,i3,Sensor
Alice,j1,b2,f3,Sensor
Jack,e1,d2,h2,Sensor
Jack,a1,c2,h2,Sensor
Daisy,c1,h2,e3,Sensor
Brianna,g1,f2,f3,Sensor
Olivia,b1,h2,h2,Sensor
Connor,e1,i2,b3,Sensor
Xander,c1,d2,j3,Sensor
Oscar,i1,d2,b3,Sensor
Nina,d1,h2,g3,Sensor
Hazel,d1,b2,j3,Sensor
Paul,b1,f2,f3,Sensor
Hazel,h1,f2,g3,Sensor
Brooke,e1,b2,a3,Sensor
Connor,h1,a2,a3,Sensor
Olivia,h1,h2,i3,Sensor
Max,a1,h2,g3,Sensor
Kyle,b1,a2,c3,Sensor
Tina,j1,h2,h2,Sensor
Peter,c1,h2,a3,Sensor
Sean,a1,c2,c3,Sensor
Paige,f1,b2,i3,Sensor
Brianna,i1,c2,f3,Sensor
Sean,f1,j2,i3,Sensor
Kevin,f1,g2,b3,Sensor
Bob,j1,i2,h2,Sensor
Yara,d1,c2,j3,Sensor
Victor,f1,f2,g3,Sensor
Uma,h1,c2,a3,Sensor
Faith,a1,e2,f3,Sensor
Hannah,b1,d2,h2,Sensor
Xenia,a1,j2,e3,Sensor
Ulysses,b1,a2,a3,Sensor
Wyatt,d1,e2,i3,Sensor
Diana,d1,f2,f3,Sensor
Xenia,h1,a2,a3,Sensor
Gavin,f1,f2,i3,Sensor
Liam,f1,h2,f3,Sensor
Nina,d1,j2,a3,Sensor
Wyatt,b1,c2,c3,Sensor
Umar,h1,i2,i3,Sensor
Freya,d1,f2,j3,Sensor
Olivia,f1,a2,e3,Sensor
Piper,b1,h2,e3,Sensor
Yara,g1,d2,d3,Sensor
Kevin,b1,d2,c3,Sensor
Walter,a1,j2,b3,Sensor
Isla,d1,i2,h2,Sensor
Jade,f1,h2,f3,Sensor
Gavin,a1,i2,c3,Sensor
Elijah,f1,g2,a3,Sensor
Willow,d1,d2,b3,Sensor
Yosef,e1,f2,e3,Sensor
Thomas,a1,j2,b3,Sensor
Vince,g1,h2,e3,Sensor
Eli,g1,g2,f3,Sensor
Lucas,h1,c2,g3,Sensor
Jill,f1,j2,c3,Sensor
Cameron,j1,c2,e3,Sensor
Freya,j1,f2,d3,Sensor
Caleb,i1,g2,f3,Sensor
Mason,c1,j2,c3,Sensor
Eli,c1,j2,f3,Sensor
Umar,a1,f2,i3,Sensor
Sam,c1,e2,a3,Sensor
Quinn,j1,f2,b3,Sensor
Eli,a1,j2,g3,Sensor
Yvonne,g1,d2,e3,Sensor
Diana,c1,d2,j3,Sensor
Frank,e1,f2,i3,Sensor
Yara,f1,f2,d3,Sensor
Noah,g1,i2,d3,Sensor
Charlie,d1,i2,c3,Sensor
Jill,g1,f2,f3,Sensor
Victor,g1,j2,g3,Sensor
Vince,g1,f2,b3,Sensor
Gabriel,h1,j2,d3,Sensor
Hazel,f1,b2,f3,Sensor
Paul,d1,b2,c3,Sensor
Asher,h1,b2,d3,Sensor
Lily,e1,d2,e3,Sensor
Asher,i1,c2,i3,Sensor
Fiona,b1,c2,j3,Sensor
Hannah,f1,i2,e3,Sensor
Eve,f1,h2,g3,Sensor
Ivy,d1,i2,b3,Sensor
Liam,f1,b2,j3,Sensor
Brianna,e1,i2,c3,Sensor
Asher,a1,a2,h2,Sensor
Ximena,a1,f2,c3,Sensor
Xander,g1,g2,i3,Sensor
Owen,j1,a2,j3,Sensor
Vince,e1,e2,j3,Sensor
Willow,j1,c2,a3,Sensor
Ivy,j1,f2,g3,Sensor
Ivy,a1,c2,c3,Sensor
Tara,b1,c2,i3,Sensor
Charlie,e1,e2,c3,Sensor
Kyle,e1,a2,f3,Sensor
Diana,f1,i2,a3,Sensor
Eve,i1,d2,f3,Sensor
Charlie,f1,i2,j3,Sensor
Max,c1,j2,g3,Sensor
Karen,e1,j2,j3,Sensor
Willow,h1,e2,d3,Sensor
Quinn,i1,i2,i3,Sensor
Uma,f1,j2,i3,Sensor
Daisy,i1,d2,g3,Sensor
Jill,d1,a2,h2,Sensor
Freya,c1,j2,g3,Sensor
Grace,h1,d2,j3,Sensor
Wyatt,a1,g2,e3,Sensor
Liam,f1,f2,j3,Sensor
Bella,a1,j2,j3,Sensor
Isaac,h1,b2,i3,Sensor
Tina,f1,c2,d3,Sensor
Aaron,f1,a2,c3,Sensor
James,b1,h2,g3,Sensor
Vera,h1,h2,i3,Sensor
Hannah,g1,i2,f3,Sensor
Sophie,j1,a2,j3,Sensor
Adam,g1,e2,d3,Sensor
Rose,e1,i2,c3,Sensor
Jack,b1,g2,e3,Sensor
Wyatt,f1,h2,h2,Sensor
Delilah,h1,i2,j3,Sensor
Aaron,a1,h2,f3,Sensor
Ivy,e1,c2,i3,Sensor
Ulysses,j1,j2,i3,Sensor
Cameron,j1,f2,a3,Sensor
Sean,b1,a2,b3,Sensor
Paul,g1,a2,d3,Sensor
Isla,e1,i2,b3,Sensor
Jack,e1,c2,g3,Sensor
Olivia,b1,j2,d3,Sensor
Eli,f1,j2,a3,Sensor
Jade,e1,a2,j3,Sensor
Bob,b1,b2,c3,Sensor
Maya,f1,f2,h2,Sensor
Freya,c1,a2,j3,Sensor
Liam,c1,f2,j3,Sensor
Ximena,a1,b2,f3,Sensor
Diana,h1,c2,f3,Sensor
Faith,i1,a2,g3,Sensor
Xander,f1,c2,g3,Sensor
Bob,i1,b2,c3,Sensor
Yara,e1,b2,f3,Sensor
Elijah,e1,e2,c3,Sensor
Adam,i1,i2,b3,Sensor
Mia,g1,f2,h2,Sensor
Sean,i1,f2,h2,Sensor
Uma,i1,d2,e3,Sensor
Aaron,i1,d2,e3,Sensor
Isaac,e1,a2,f3,Sensor
Ryan,d1,h2,c3,Sensor
Willow,a1,g2,e3,Sensor
Tina,b1,e2,a3,Sensor
Lily,j1,g2,i3,Sensor
Eli,j1,d2,d3,Sensor
Quinn,j1,d2,d3,Sensor
Holly,b1,h2,j3,Sensor
Rose,e1,d2,b3,Sensor
Holly,j1,e2,f3,Sensor
Hazel,i1,i2,a3,Sensor
Rose,a1,c2,h2,Sensor
George,j1,a2,i3,Sensor
Cameron,h1,c2,a3,Sensor
Ruby,a1,d2,f3,Sensor
Paige,b1,h2,h2,Sensor
Laura,f1,h2,c3,Sensor
Owen,i1,d2,f3,Sensor
Grace,g1,f2,i3,Sensor
Willow,d1,g2,e3,Sensor
Gabriel,h1,d2,i3,Sensor
Daisy,h1,h2,g3,Sensor
Paul,j1,j2,i3,Sensor
Kylie,d1,i2,a3,Sensor
Quinn,d1,e2,c3,Sensor
Yara,i1,g2,j3,Sensor
Alice,e1,i2,f3,Sensor
Connor,e1,a2,g3,Sensor
Owen,j1,f2,c3,Sensor
Alice,c1,d2,a3,Sensor
Jade,i1,i2,h2,Sensor
Quinn,i1,e2,b3,Sensor
Piper,j1,d2,j3,Sensor
Aaron,g1,a2,d3,Sensor
Grace,a1,g2,a3,Sensor
Paul,j1,j2,h2,Sensor
Nathan,f1,d2,f3,Sensor
Peter,j1,g2,a3,Sensor
Riley,e1,c2,e3,Sensor
Kevin,c1,h2,g3,Sensor
Grace,a1,b2,b3,Sensor
Yvonne,a1,c2,e3,Sensor
Wendy,i1,j2,a3,Sensor
Ryan,i1,e2,a3,Sensor
Jack,d1,h2,h2,Sensor
Jill,a1,d2,b3,Sensor
Steve,b1,h2,j3,Sensor
Sam,d1,f2,g3,Sensor
Vince,f1,f2,i3,Sensor
Cameron,b1,j2,f3,Sensor
Mia,c1,j2,f3,Sensor
Holly,h1,h2,a3,Sensor
George,e1,e2,j3,Sensor
Delilah,g1,f2,e3,Sensor
Lily,a1,e2,d3,Sensor
Diana,i1,i2,d3,Sensor
Grace,f1,c2,g3,Sensor
Connor,e1,b2,a3,Sensor
Kevin,e1,g2,f3,Sensor
Laura,i1,c2,a3,Sensor
Maya,a1,e2,b3,Sensor
Zach,j1,h2,g3,Sensor
Bob,j1,j2,e3,Sensor
Noah,i1,f2,j3,Sensor
Xander,g1,d2,e3,Sensor
Karen,g1,d2,i3,Sensor
Hannah,e1,f2,h2,Sensor
Jack,b1,g2,i3,Sensor
Ivy,h1,b2,d3,Sensor
Lucas,c1,e2,a3,Sensor
Tina,e1,h2,f3,Sensor
Lucas,i1,g2,f3,Sensor
Ethan,e1,b2,f3,Sensor
Asher,b1,g2,g3,Sensor
Wendy,g1,h2,g3,Sensor
Vera,e1,g2,f3,Sensor
Olga,b1,e2,f3,Sensor
Ursula,j1,g2,j3,Sensor
Mia,e1,e2,h2,Sensor
Ivy,b1,i2,i3,Sensor
Hannah,f1,d2,a3,Sensor
Mia,b1,b2,i3,Sensor
Ximena,g1,g2,d3,Sensor
Gabriel,h1,j2,j3,Sensor
Paige,g1,i2,d3,Sensor
Kylie,f1,j2,f3,Sensor
Lily,i1,h2,e3,Sensor
Olivia,f1,h2,d3,Sensor
Tina,e1,b2,i3,Sensor
